subset,aircraft_type,n,mape,mape_mtow_fraction
seen types,A320,22360,3.5858653849232036,5.8046646353893365
seen types,A321,7862,3.0287196429738863,4.735469417477069
seen types,A332,612,2.504536919501252,6.893206249669954
seen types,A359,450,3.060128480621421,20.358903152524956
seen types,AT76,1941,5.1512468382699,11.849429660924686
seen types,B737,932,3.9596156800915008,5.544653274346166
seen types,B738,9893,3.286535178764758,6.34406078100983
seen types,B739,494,3.0045861219487477,4.17637211585467
seen types,B763,222,3.358483011266568,5.900536832876215
seen types,B77W,1659,3.763209619391887,30.923048421675702
seen types,B789,1082,4.0252668042171775,25.808379314857422
seen types,E190,597,3.0152656834304863,9.135760175880012
unseen types,A20N,52855,5.722599849779784,6.620881589916848
unseen types,A21N,31515,5.889355433302834,4.315731090206328
unseen types,A319,24649,7.324964866744538,3.436451450027834
unseen types,A333,22729,9.023518422047182,8.398315675912386
unseen types,A343,657,5.249768805922355,21.56987632773861
unseen types,B38M,16449,3.9657307913375544,5.937913965209528
unseen types,B39M,712,4.66718935578954,4.462199426175833
unseen types,B772,2147,9.6749207656428,37.44169703495963
unseen types,B788,6336,13.113992531609181,29.024748398770093
unseen types,CRJ9,31696,45.503205778404485,8.428783860310201
unseen types,E195,34370,11.883780020563865,7.923512564545049
