condition,repeat,seed,flights,rmse,mape
complete,0,42,2854,3880.267298860146,3.333890521621319
top 10%,0,42,2749,4899.470713766117,3.8103376402343203
bottom 10%,0,42,2744,4340.626311869371,3.9017551320652633
random 10%,0,42,2757,4068.15914763322,3.409278836547331
top 25%,0,42,2741,5960.879810399053,4.22303109354296
bottom 25%,0,42,2647,4434.222548273812,3.9529418770917166
random 25%,0,42,2756,4579.387829041802,3.7122455940937718
top 50%,0,42,2711,6691.080372906293,4.512462388225909
bottom 50%,0,42,2162,4469.457535215514,4.004835031534695
random 50%,0,42,2743,6238.544453546003,4.186578852398245
measured,0,42,2720,5698.671520825418,3.7123169566343455
