subset,method,n,rmse,mape
seen types,ADS-B,48104,3669.684168098634,3.4868756969875863
unseen types,ADS-B,224115,9509.244985561958,12.941130868939918
seen types,ADS-B + weather,48104,3483.5027205921383,3.2508844629423668
unseen types,ADS-B + weather,224115,10314.201955022243,14.515107214828296
seen types,ADS-B + flight info,48104,2798.0125590426974,2.6423444372259017
unseen types,ADS-B + flight info,224115,11077.988969181713,12.880658653781405
seen types,ADS-B + weather + flight info,48104,2667.6472216407738,2.48235216663261
unseen types,ADS-B + weather + flight info,224115,10563.789112630007,11.293961939410044
seen types,MTOW fraction,48104,14373.775227800546,7.470999566738463
seen types,WTC mean,48104,13551.169921875,16.772226989269257
unseen types,MTOW fraction,224115,11092.608780281604,7.49769806373255
unseen types,WTC mean,224115,16828.623046875,27.345889806747437
