aircraft_type,n_test,rmse,mape,n_flights
A320,22227.0,1852.5964621265784,2.2102505071662226,111396
A20N,10479.0,2507.1013072730243,3.268668975498722,52855
B738,9798.0,2135.207520699675,2.6061757766341893,48951
A321,7991.0,2187.0120780771135,2.38635463023627,39890
E195,6948.0,1617.6825036071161,3.1175047059094227,34370
CRJ9,6369.0,1243.402860399727,3.1588184672145982,31696
A21N,6230.0,2112.232943812236,2.171341812146302,31515
A319,4948.0,992.221754838557,1.1676968254568951,24649
A333,4589.0,5270.648882510766,2.3050848604467156,22729
B38M,3323.0,1992.2570415758307,2.327220520401646,16449
AT76,1971.0,965.680636342207,3.939689292061689,9663
B77W,1632.0,7584.070523283473,2.6555418347679223,8390
B788,1304.0,5392.49728878226,2.8083274772289317,6336
B789,1074.0,6959.737347056702,2.8753828233700247,5490
B737,1010.0,2142.6139734626577,3.1245174765729375,4826
A332,643.0,4590.205755208458,2.175739011387611,3102
E190,567.0,1332.849679369262,2.3475643252535194,2904
B739,472.0,2034.448708722585,2.3811107824849755,2424
A359,396.0,5661.132671277325,2.474695471092986,2331
B772,445.0,10126.882828555388,3.9041865196699055,2147
B763,240.0,5181.250754853632,3.0176901530747955,1151
B39M,136.0,2157.8104182234365,2.497669670698194,712
A343,135.0,6735.628356860256,2.9078636275152507,657
